{"schemaVersion":"1.0","appDefinitionTemplate":{"id":"/providers/Microsoft.PowerApps/apps/","type":"Microsoft.PowerApps/apps","tags":{"primaryDeviceWidth":"1366","primaryDeviceHeight":"768","supportsPortrait":"true","supportsLandscape":"true","primaryFormFactor":"Tablet","publisherVersion":"3.23024.21","minimumRequiredApiVersion":"2.2.0","hasComponent":"true","hasUnlockedComponent":"true","isUnifiedRootApp":"false","sienaVersion":"20230314T052248Z-3.23024.21.0"},"properties":{"appVersion":"2023-03-14T05:22:48Z","lifeCycleId":"Published","createdByClientVersion":{"major":3,"minor":23024,"build":21,"revision":0,"majorRevision":0,"minorRevision":0},"minClientVersion":{"major":3,"minor":23024,"build":21,"revision":0,"majorRevision":0,"minorRevision":0},"backgroundColor":"rgba(138, 17, 90, 1)","backgroundImageUri":"/16205012138537380650/N4836dab3-eba6-4493-8866-30c4518d5628-logoSmallFile","displayName":"Camera & Pen & Images as List Attachments","description":"","commitMessage":"","appUris":{"documentUri":{"value":"/16205012138537380650/Ndbddc202-6976-4fcb-bd40-bbc0ea6d45d1-document.msapp"},"imageUris":[],"additionalUris":[]},"createdTime":"0001-01-01T00:00:00Z","lastModifiedTime":"0001-01-01T00:00:00Z","sharedGroupsCount":0,"sharedUsersCount":0,"connectionReferences":{"8d344bdb-ad45-44c6-922e-97ea603482fb":{"id":"44578a53-7bd6-4499-96c3-764c988d79cb","displayName":"SharePoint","iconUri":"https://connectoricons-prod.azureedge.net/releases/v1.0.1623/1.0.1623.3210/sharepointonline/icon.png","dataSources":["Info Tracker"],"dependencies":[],"dependents":[],"parameterHints":{},"parameterHintsV2":{},"isOnPremiseConnection":false,"bypassConsent":false,"dataSets":{"https://crm000300.sharepoint.com/sites/Customer":{"dataSources":{"Info Tracker":{"tableName":"7c40a531-5e2b-4de8-99fe-037cac4b28ac"}}}},"apiTier":"Standard","isCustomApiConnection":false,"actions":["providers/PowerPlatform.Governance/Operations/Read","providers/PowerPlatform.Governance/Operations/Write"]}},"databaseReferences":{},"almMode":"Environment","performanceOptimizationEnabled":true,"canConsumeAppPass":true,"enableModernRuntimeMode":false,"executionRestrictions":{"isTeamsOnly":false,"dataLossPreventionEvaluationResult":{"status":"Compliant","lastEvaluationDate":"2022-05-26T23:15:06.2752216Z","violations":[],"violationsByPolicy":[],"violationErrorMessage":"The app uses the following connectors: shared_sharepointonline."}}},"appType":"ClassicCanvasApp","appComponents":[]}}