{"schemaVersion":"1.0","appDefinitionTemplate":{"id":"/providers/Microsoft.PowerApps/apps/","type":"Microsoft.PowerApps/apps","tags":{"primaryDeviceWidth":"1366","primaryDeviceHeight":"768","sienaVersion":"20230505T110504Z-3.23044.15.0","deviceCapabilities":"","supportsPortrait":"true","supportsLandscape":"true","primaryFormFactor":"Tablet","publisherVersion":"3.23044.15","minimumRequiredApiVersion":"2.2.0","hasComponent":"false","hasUnlockedComponent":"false","isUnifiedRootApp":"false"},"properties":{"appVersion":"2023-05-05T11:05:04Z","lifeCycleId":"Published","createdByClientVersion":{"major":3,"minor":23044,"build":15,"revision":0,"majorRevision":0,"minorRevision":0},"minClientVersion":{"major":3,"minor":23044,"build":15,"revision":0,"majorRevision":0,"minorRevision":0},"backgroundColor":"rgba(0, 0, 0, 1)","backgroundImageUri":"/2056186889628337169/N3d1f9955-e810-430b-a474-03c9e5954c51-logoSmallFile","displayName":"Employee_Task_Tracker_App","description":"Bi-Weekly 1-1 tracker for Employees","commitMessage":"","appUris":{"documentUri":{"value":"/2056186889628337169/N02ca69ea-53f1-4240-8df3-b74180bc339d-document.msapp"},"imageUris":[],"additionalUris":[]},"createdTime":"0001-01-01T00:00:00Z","lastModifiedTime":"0001-01-01T00:00:00Z","sharedGroupsCount":0,"sharedUsersCount":0,"connectionReferences":{"5952aca1-d163-4f83-8c63-7480cc97608a":{"id":"8da64f5c-2e8c-4826-89c4-8ed73fbabf32","displayName":"Office 365 Users","iconUri":"https://connectoricons-prod.azureedge.net/releases/v1.0.1626/1.0.1626.3238/office365users/icon.png","dataSources":["Office365Users"],"dependencies":[],"dependents":[],"parameterHints":{},"parameterHintsV2":{},"isOnPremiseConnection":false,"bypassConsent":false,"dataSets":{},"apiTier":"Standard","isCustomApiConnection":false,"actions":["SearchUser"]},"2f2625ff-11d9-4020-b64d-c74b179b679c":{"id":"44578a53-7bd6-4499-96c3-764c988d79cb","displayName":"SharePoint","iconUri":"https://connectoricons-prod.azureedge.net/releases/v1.0.1627/1.0.1627.3238/sharepointonline/icon.png","dataSources":["BiWeekly  Tracker Questionnaire","BiWeekly  Tracker Report"],"dependencies":[],"dependents":[],"parameterHints":{},"parameterHintsV2":{},"isOnPremiseConnection":false,"bypassConsent":false,"dataSets":{"https://crm000300.sharepoint.com/sites/Customer":{"dataSources":{"BiWeekly  Tracker Questionnaire":{"tableName":"41a54e32-d60d-4d36-8538-8d0c0e126933"},"BiWeekly  Tracker Report":{"tableName":"5a353de7-e0f9-4c6e-b79d-d72a550ea1d2"}}}},"apiTier":"Standard","isCustomApiConnection":false,"actions":["providers/PowerPlatform.Governance/Operations/Read"]}},"databaseReferences":{},"almMode":"Environment","performanceOptimizationEnabled":true,"canConsumeAppPass":true,"enableModernRuntimeMode":false,"executionRestrictions":{"isTeamsOnly":false,"dataLossPreventionEvaluationResult":{"status":"Compliant","lastEvaluationDate":"2021-09-08T16:50:26.2542769Z","violations":[],"violationsByPolicy":[],"violationErrorMessage":"The app uses the following connectors: shared_sharepointonline."}}},"appType":"ClassicCanvasApp","appComponents":[]}}