{"schemaVersion":"1.0","appDefinitionTemplate":{"id":"/providers/Microsoft.PowerApps/apps/","type":"Microsoft.PowerApps/apps","tags":{"primaryDeviceWidth":"640","primaryDeviceHeight":"1136","sienaVersion":"20210311T104823Z-3.21021.39.0","deviceCapabilities":"","supportsPortrait":"true","supportsLandscape":"false","primaryFormFactor":"Phone","publisherVersion":"3.21021.39","minimumRequiredApiVersion":"2.2.0","hasComponent":"false","hasUnlockedComponent":"false","isUnifiedRootApp":"false"},"properties":{"appVersion":"2021-03-11T10:48:23Z","lifeCycleId":"Published","createdByClientVersion":{"major":3,"minor":21021,"build":39,"revision":0,"majorRevision":0,"minorRevision":0},"minClientVersion":{"major":3,"minor":21021,"build":39,"revision":0,"majorRevision":0,"minorRevision":0},"backgroundColor":"rgba(0, 138, 0, 1)","backgroundImageUri":"/4799790681078892830/N873673ac-4ae0-4b6f-a05b-22f5073b6ce9-logoSmallFile","displayName":"Heineken_Store_Inventory","description":"View an inventory of your stores, browse an inventory list to see how many items you need to refill for each product, send email to yourself, and more.","commitMessage":"","appUris":{"documentUri":{"value":"/4799790681078892830/N3fd86838-66a2-453b-9805-a949f9e030ed-document.msapp"},"imageUris":[],"additionalUris":[]},"createdTime":"0001-01-01T00:00:00Z","lastModifiedTime":"0001-01-01T00:00:00Z","sharedGroupsCount":0,"sharedUsersCount":0,"connectionReferences":{},"databaseReferences":{},"almMode":"Environment","performanceOptimizationEnabled":true,"canConsumeAppPass":true,"executionRestrictions":{"isTeamsOnly":false,"dataLossPreventionEvaluationResult":{"status":"Compliant","lastEvaluationDate":"2020-10-28T04:47:35.2788842Z","violationDetails":[]}}},"isAppComponentLibrary":false,"appType":"ClassicCanvasApp","appComponents":[]}}