{"schemaVersion":"1.0","appDefinitionTemplate":{"id":"/providers/Microsoft.PowerApps/apps/","type":"Microsoft.PowerApps/apps","tags":{"primaryDeviceWidth":"640","primaryDeviceHeight":"1136","supportsPortrait":"true","supportsLandscape":"true","primaryFormFactor":"Phone","publisherVersion":"3.23042.12","minimumRequiredApiVersion":"2.2.0","hasComponent":"false","hasUnlockedComponent":"false","isUnifiedRootApp":"false","sienaVersion":"20230424T020904Z-3.23042.12.0"},"properties":{"appVersion":"2023-04-24T02:09:04Z","lifeCycleId":"Published","createdByClientVersion":{"major":3,"minor":23042,"build":12,"revision":0,"majorRevision":0,"minorRevision":0},"minClientVersion":{"major":3,"minor":23042,"build":12,"revision":0,"majorRevision":0,"minorRevision":0},"backgroundColor":"rgba(0, 0, 0, 1)","backgroundImageUri":"/1125123666507022070/N639d5f85-3e70-426e-918a-34b46ffbe288-logoSmallFile","displayName":"Jira_PowerPlatform","description":"","commitMessage":"","appUris":{"documentUri":{"value":"/1125123666507022070/N854522e3-5d2c-4265-8d38-8b76db632f23-document.msapp"},"imageUris":[],"additionalUris":[]},"createdTime":"0001-01-01T00:00:00Z","lastModifiedTime":"0001-01-01T00:00:00Z","sharedGroupsCount":0,"sharedUsersCount":0,"connectionReferences":{"a0420c46-f02e-4095-a489-f02732aa7caf":{"id":"051b4dce-dbea-4d14-a7dc-4f547485fd44","displayName":"JIRA","iconUri":"https://connectoricons-prod.azureedge.net/releases/v1.0.1629/1.0.1629.3253/jira/icon.png","dataSources":["JIRA"],"dependencies":[],"dependents":[],"parameterHints":{},"parameterHintsV2":{},"isOnPremiseConnection":false,"bypassConsent":false,"dataSets":{},"apiTier":"Premium","isCustomApiConnection":false},"7516e552-7cb8-46b4-af4e-04442b277f70":{"id":"44578a53-7bd6-4499-96c3-764c988d79cb","displayName":"SharePoint","iconUri":"https://connectoricons-prod.azureedge.net/releases/v1.0.1627/1.0.1627.3238/sharepointonline/icon.png","dataSources":["Jira"],"dependencies":[],"dependents":[],"parameterHints":{},"parameterHintsV2":{},"isOnPremiseConnection":false,"bypassConsent":false,"dataSets":{"https://crm000300.sharepoint.com/sites/Customer":{"dataSources":{"Jira":{"tableName":"af66f909-7269-4d4d-9938-5f7da8c7041b"}}}},"apiTier":"Standard","isCustomApiConnection":false,"actions":["providers/PowerPlatform.Governance/Operations/Read","providers/PowerPlatform.Governance/Operations/Write"]}},"databaseReferences":{},"almMode":"Environment","performanceOptimizationEnabled":true,"canConsumeAppPass":true,"enableModernRuntimeMode":false,"executionRestrictions":{"isTeamsOnly":false,"dataLossPreventionEvaluationResult":{"status":"Compliant","lastEvaluationDate":"2023-04-23T11:43:58.1354072Z","violations":[],"violationsByPolicy":[],"violationErrorMessage":"The app uses the following connectors: ."}}},"appType":"ClassicCanvasApp","appComponents":[]}}