{"schemaVersion":"1.0","appDefinitionTemplate":{"id":"/providers/Microsoft.PowerApps/apps/","type":"Microsoft.PowerApps/apps","tags":{"primaryDeviceWidth":"640","primaryDeviceHeight":"1136","sienaVersion":"20201116T091256Z-3.20101.24.0","deviceCapabilities":"","supportsPortrait":"true","supportsLandscape":"false","primaryFormFactor":"Phone","publisherVersion":"3.20101.24","minimumRequiredApiVersion":"2.2.0","hasComponent":"false","hasUnlockedComponent":"false","isUnifiedRootApp":"false"},"properties":{"appVersion":"2020-11-16T09:12:56Z","lifeCycleId":"Published","createdByClientVersion":{"major":3,"minor":20101,"build":24,"revision":0,"majorRevision":0,"minorRevision":0},"minClientVersion":{"major":3,"minor":20101,"build":24,"revision":0,"majorRevision":0,"minorRevision":0},"backgroundColor":"rgba(76, 74, 72, 1)","backgroundImageUri":"/7644642739854384219/N9f84c393-d763-4316-b352-39771b55792c-logoSmallFile","displayName":"Chords with Power Apps","description":"Piano Chords using Power Apps","commitMessage":"","appUris":{"documentUri":{"value":"/7644642739854384219/N78268f30-2229-49d4-8f36-571d7a95bfec-document.msapp"},"imageUris":[],"additionalUris":[]},"createdTime":"0001-01-01T00:00:00Z","lastModifiedTime":"0001-01-01T00:00:00Z","sharedGroupsCount":0,"sharedUsersCount":0,"connectionReferences":{},"databaseReferences":{},"almMode":"Environment","performanceOptimizationEnabled":true,"canConsumeAppPass":true,"executionRestrictions":{"isTeamsOnly":false,"dataLossPreventionEvaluationResult":{"status":"Compliant","lastEvaluationDate":"2020-11-12T01:31:58.3327138Z","violationDetails":[]}}},"isAppComponentLibrary":false,"appType":"ClassicCanvasApp","appComponents":[]}}