{"schemaVersion":"1.0","appDefinitionTemplate":{"id":"/providers/Microsoft.PowerApps/apps/","type":"Microsoft.PowerApps/apps","tags":{"primaryDeviceWidth":"1024","primaryDeviceHeight":"768","sienaVersion":"20230126T023246Z-3.23012.17.0","deviceCapabilities":"webcam","supportsPortrait":"false","supportsLandscape":"true","primaryFormFactor":"Tablet","publisherVersion":"3.23012.17","minimumRequiredApiVersion":"2.2.0","hasComponent":"true","hasUnlockedComponent":"true","isUnifiedRootApp":"false"},"properties":{"appVersion":"2023-01-26T02:32:46Z","lifeCycleId":"Published","createdByClientVersion":{"major":3,"minor":23012,"build":17,"revision":0,"majorRevision":0,"minorRevision":0},"minClientVersion":{"major":3,"minor":23012,"build":17,"revision":0,"majorRevision":0,"minorRevision":0},"backgroundColor":"rgba(0, 0, 0, 1)","backgroundImageUri":"/10592195736715348401/N970f8084-2dff-44a0-bc6f-6770479f17f1-logoSmallFile","displayName":"Johnson & Johnson - Med Device Management - Augmented Reality","description":"Med Device: Field Tech, Service, Supply Chain Management","commitMessage":"","appUris":{"documentUri":{"value":"/10592195736715348401/N74e2df64-4f42-4407-96eb-5cdbc5dcaf6f-document.msapp"},"imageUris":[],"additionalUris":[]},"createdTime":"0001-01-01T00:00:00Z","lastModifiedTime":"0001-01-01T00:00:00Z","sharedGroupsCount":0,"sharedUsersCount":0,"connectionReferences":{"78fa1c2b-80f9-477b-a404-d546168b96d1":{"id":"d1364187-7987-4098-96b8-b9af1cca3ddc","displayName":"Office 365 Users","iconUri":"https://connectoricons-prod.azureedge.net/releases/v1.0.1611/1.0.1611.3104/office365users/icon.png","dataSources":["Office365Users"],"dependencies":[],"dependents":[],"parameterHints":{},"parameterHintsV2":{},"isOnPremiseConnection":false,"bypassConsent":false,"dataSets":{},"apiTier":"Standard","isCustomApiConnection":false},"bdce9fc2-5a33-4a10-8d4c-0d22953e43fd":{"id":"581f67f3-4753-4cbf-a0f0-c7f45b36e0b4","displayName":"Office 365 Outlook","iconUri":"https://connectoricons-prod.azureedge.net/releases/v1.0.1613/1.0.1613.3125/office365/icon.png","dataSources":["Office365Outlook"],"dependencies":[],"dependents":[],"parameterHints":{},"parameterHintsV2":{},"isOnPremiseConnection":false,"bypassConsent":false,"dataSets":{},"apiTier":"Standard","isCustomApiConnection":false}},"databaseReferences":{"default.cds":{"databaseDetails":{"referenceType":"Environmental","environmentName":"default.cds","overrideValues":{"status":"NotSpecified"}},"dataSources":{"JJMed":{"entitySetName":"jj_jjmeds","logicalName":"jj_jjmed"},"FileAttachments":{"entitySetName":"fileattachments","logicalName":"fileattachment"}},"actions":["providers/PowerPlatform.Governance/Operations/Read","providers/PowerPlatform.Governance/Operations/Read","providers/PowerPlatform.Governance/Operations/Write","providers/PowerPlatform.Governance/Operations/Read"]}},"almMode":"Environment","performanceOptimizationEnabled":true,"canConsumeAppPass":true,"enableModernRuntimeMode":false,"executionRestrictions":{"isTeamsOnly":false,"dataLossPreventionEvaluationResult":{"status":"NonCompliant","lastEvaluationDate":"2023-08-30T20:45:59.942602Z","violations":[{"policyId":"7ef2403f-0d9d-4703-9c26-9a1fe367811a","policyDisplayName":"CSEO UltraLow (All New Environments)","type":"BlockedConnector","parameters":["/providers/Microsoft.PowerApps/apis/shared_commondataservice"]}],"violationsByPolicy":[{"policyRef":{"policyId":"7ef2403f-0d9d-4703-9c26-9a1fe367811a","policyDisplayName":"CSEO UltraLow (All New Environments)"},"violations":[{"policyId":"7ef2403f-0d9d-4703-9c26-9a1fe367811a","policyDisplayName":"CSEO UltraLow (All New Environments)","type":"BlockedConnector","parameters":["/providers/Microsoft.PowerApps/apis/shared_commondataservice"]}]}],"additionalInfo":{"policyWikiUrl":"https://aka.ms/PowerPlatform-DLP-FAQ"},"violationErrorMessage":"The app uses the following connectors: shared_office365users, shared_office365, shared_commondataservice."}}},"appType":"ClassicCanvasApp","appComponents":[]}}