{"schemaVersion":"1.0","appDefinitionTemplate":{"id":"/providers/Microsoft.PowerApps/apps/","type":"Microsoft.PowerApps/apps","tags":{"primaryDeviceWidth":"1366","primaryDeviceHeight":"768","supportsPortrait":"false","supportsLandscape":"true","primaryFormFactor":"Tablet","publisherVersion":"3.22111.19","minimumRequiredApiVersion":"2.2.0","hasComponent":"false","hasUnlockedComponent":"false","isUnifiedRootApp":"false","sienaVersion":"20221119T093944Z-3.22111.19.0"},"properties":{"appVersion":"2022-11-19T09:39:44Z","lifeCycleId":"Published","createdByClientVersion":{"major":3,"minor":22111,"build":19,"revision":0,"majorRevision":0,"minorRevision":0},"minClientVersion":{"major":3,"minor":22111,"build":19,"revision":0,"majorRevision":0,"minorRevision":0},"backgroundColor":"rgba(0, 138, 0, 1)","backgroundImageUri":"/3210289563189000139/N2f9ae5dc-a560-4b10-a4c0-a42d6ad6a5fd-logoSmallFile","displayName":"Amortization Schedule","description":"","commitMessage":"","appUris":{"documentUri":{"value":"/3210289563189000139/Ncb6f2b91-9d52-4b38-9cfe-3dd5ff35651e-document.msapp"},"imageUris":[],"additionalUris":[]},"createdTime":"0001-01-01T00:00:00Z","lastModifiedTime":"0001-01-01T00:00:00Z","sharedGroupsCount":0,"sharedUsersCount":0,"connectionReferences":{"864064e9-d3c2-4b6a-aef6-5d579c19a319":{"id":"d1364187-7987-4098-96b8-b9af1cca3ddc","displayName":"Office 365 Users","iconUri":"https://connectoricons-prod.azureedge.net/releases/v1.0.1593/1.0.1593.2980/office365users/icon.png","dataSources":["Office365Users"],"dependencies":[],"dependents":[],"parameterHints":{},"parameterHintsV2":{},"isOnPremiseConnection":false,"dataSets":{},"apiTier":"Standard","isCustomApiConnection":false},"57e521e4-d0b2-47f8-86c2-2c7564ae3271":{"id":"8c129e17-af7e-47a5-a178-efc9f0348ae9","displayName":"Excel","iconUri":"https://connectoricons-prod.azureedge.net/releases/v1.0.1599/1.0.1599.3017/excel/icon.png","dataSources":["Table2","Table3"],"dependencies":["c497c47f-38ba-4c81-93d3-e94edacd3dee"],"dependents":[],"parameterHints":{"c497c47f-38ba-4c81-93d3-e94edacd3dee":{"value":"fileSource"}},"parameterHintsV2":{"fileSource":{"value":"c497c47f-38ba-4c81-93d3-e94edacd3dee"}},"isOnPremiseConnection":false,"dataSets":{"29CA7EC1465267C!586":{"dataSources":{"Table2":{"tableName":"Table2"},"Table3":{"tableName":"Table3"}}}},"apiTier":"Standard","isCustomApiConnection":false,"actions":["providers/PowerPlatform.Governance/Operations/Read"]},"c497c47f-38ba-4c81-93d3-e94edacd3dee":{"id":"c4e2c39c-5731-4985-9e03-5a05038d7808","displayName":"OneDrive","iconUri":"https://connectoricons-prod.azureedge.net/releases/v1.0.1586/1.0.1586.2912/onedrive/icon.png","dataSources":[],"dependencies":[],"dependents":["57e521e4-d0b2-47f8-86c2-2c7564ae3271"],"parameterHints":{},"parameterHintsV2":{},"isOnPremiseConnection":false,"dataSets":{},"apiTier":"Standard","isCustomApiConnection":false},"fcc64b9c-2416-4e15-921d-3a68b76b27ed":{"id":"8c129e17-af7e-47a5-a178-efc9f0348ae9","displayName":"Excel","iconUri":"https://connectoricons-prod.azureedge.net/releases/v1.0.1599/1.0.1599.3017/excel/icon.png","dataSources":["ZA_Cost","ZA_Hardard_List","Applcication5","MancoTabel"],"dependencies":["fd6143ba-33b2-46a1-80ce-b8f3539ec005"],"dependents":[],"parameterHints":{"fd6143ba-33b2-46a1-80ce-b8f3539ec005":{"value":"fileSource"}},"parameterHintsV2":{"fileSource":{"value":"fd6143ba-33b2-46a1-80ce-b8f3539ec005"}},"isOnPremiseConnection":false,"dataSets":{"29CA7EC1465267C!588":{"dataSources":{"ZA_Cost":{"tableName":"ZA_Cost"},"ZA_Hardard_List":{"tableName":"ZA_Hardard_List"},"Applcication5":{"tableName":"Applcication5"}}},"29CA7EC1465267C!586":{"dataSources":{"MancoTabel":{"tableName":"MancoTabel"}}}},"apiTier":"Standard","isCustomApiConnection":false,"actions":["providers/PowerPlatform.Governance/Operations/Read"]},"fd6143ba-33b2-46a1-80ce-b8f3539ec005":{"id":"c4e2c39c-5731-4985-9e03-5a05038d7808","displayName":"OneDrive","iconUri":"https://connectoricons-prod.azureedge.net/releases/v1.0.1586/1.0.1586.2912/onedrive/icon.png","dataSources":[],"dependencies":[],"dependents":["fcc64b9c-2416-4e15-921d-3a68b76b27ed"],"parameterHints":{},"parameterHintsV2":{},"isOnPremiseConnection":false,"dataSets":{},"apiTier":"Standard","isCustomApiConnection":false},"924b184f-d3a6-4dcb-8c02-b2c2a41a318a":{"id":"8c129e17-af7e-47a5-a178-efc9f0348ae9","displayName":"Excel","iconUri":"https://connectoricons-prod.azureedge.net/releases/v1.0.1599/1.0.1599.3017/excel/icon.png","dataSources":["Applcication","Table9","Table10"],"dependencies":["fe3c40bd-2375-4f93-93f8-4b10abcf572b"],"dependents":[],"parameterHints":{"fe3c40bd-2375-4f93-93f8-4b10abcf572b":{"value":"fileSource"}},"parameterHintsV2":{"fileSource":{"value":"fe3c40bd-2375-4f93-93f8-4b10abcf572b"}},"isOnPremiseConnection":false,"dataSets":{"29CA7EC1465267C!586":{"dataSources":{"Applcication":{"tableName":"Applcication"},"Table9":{"tableName":"Table9"},"Table10":{"tableName":"Table10"}}}},"apiTier":"Standard","isCustomApiConnection":false,"actions":["providers/PowerPlatform.Governance/Operations/Read"]},"fe3c40bd-2375-4f93-93f8-4b10abcf572b":{"id":"c4e2c39c-5731-4985-9e03-5a05038d7808","displayName":"OneDrive","iconUri":"https://connectoricons-prod.azureedge.net/releases/v1.0.1586/1.0.1586.2912/onedrive/icon.png","dataSources":[],"dependencies":[],"dependents":["924b184f-d3a6-4dcb-8c02-b2c2a41a318a"],"parameterHints":{},"parameterHintsV2":{},"isOnPremiseConnection":false,"dataSets":{},"apiTier":"Standard","isCustomApiConnection":false},"91dc9df4-d269-49cc-b15c-06961104277b":{"id":"f8885e93-7879-4197-9066-7a304f7c6f0f","displayName":"Power Apps for Makers","iconUri":"https://connectoricons-prod.azureedge.net/releases/v1.0.1551/1.0.1551.2693/powerappsforappmakers/icon.png","dataSources":["PowerAppsforMakers"],"dependencies":[],"dependents":[],"parameterHints":{},"parameterHintsV2":{},"isOnPremiseConnection":false,"dataSets":{},"apiTier":"Standard","isCustomApiConnection":false},"24c43878-67c1-420a-ae64-427f9c8d7e44":{"id":"ec12a5bf-f208-4b05-ac97-0a7f71335d44","displayName":"SharePoint","iconUri":"https://connectoricons-prod.azureedge.net/releases/v1.0.1610-greyhound-localization-RelayFix/1.0.1610.3091/sharepointonline/icon.png","dataSources":["MyFirstList","CouponList"],"dependencies":[],"dependents":[],"parameterHints":{},"parameterHintsV2":{},"isOnPremiseConnection":false,"dataSets":{"https://mebronya.sharepoint.com/":{"dataSources":{"MyFirstList":{"tableName":"a185b777-3afa-436f-a1e4-201f0bbea25b"}}},"https://mebronya.sharepoint.com":{"dataSources":{"CouponList":{"tableName":"975121cb-2f72-412c-af0c-84d4dfb26174"}}}},"apiTier":"Standard","isCustomApiConnection":false,"actions":["providers/PowerPlatform.Governance/Operations/Read"]}},"databaseReferences":{},"almMode":"Environment","performanceOptimizationEnabled":true,"canConsumeAppPass":true,"enableModernRuntimeMode":false,"executionRestrictions":{"isTeamsOnly":false,"dataLossPreventionEvaluationResult":{"status":"NonCompliant","lastEvaluationDate":"2023-08-30T20:45:49.9811063Z","violations":[{"policyId":"7ef2403f-0d9d-4703-9c26-9a1fe367811a","policyDisplayName":"CSEO UltraLow (All New Environments)","type":"BlockedConnector","parameters":["/providers/microsoft.powerapps/apis/shared_onedrive"]},{"policyId":"7ef2403f-0d9d-4703-9c26-9a1fe367811a","policyDisplayName":"CSEO UltraLow (All New Environments)","type":"BlockedConnector","parameters":["/providers/microsoft.powerapps/apis/shared_powerappsforappmakers"]}],"violationsByPolicy":[{"policyRef":{"policyId":"7ef2403f-0d9d-4703-9c26-9a1fe367811a","policyDisplayName":"CSEO UltraLow (All New Environments)"},"violations":[{"policyId":"7ef2403f-0d9d-4703-9c26-9a1fe367811a","policyDisplayName":"CSEO UltraLow (All New Environments)","type":"BlockedConnector","parameters":["/providers/microsoft.powerapps/apis/shared_onedrive"]},{"policyId":"7ef2403f-0d9d-4703-9c26-9a1fe367811a","policyDisplayName":"CSEO UltraLow (All New Environments)","type":"BlockedConnector","parameters":["/providers/microsoft.powerapps/apis/shared_powerappsforappmakers"]}]}],"additionalInfo":{"policyWikiUrl":"https://aka.ms/PowerPlatform-DLP-FAQ"},"violationErrorMessage":"The app uses the following connectors: shared_office365users, shared_excel, shared_onedrive, shared_powerappsforappmakers, shared_sharepointonline."}}},"appType":"ClassicCanvasApp","appComponents":[]}}