{"schemaVersion":"1.0","appDefinitionTemplate":{"id":"/providers/Microsoft.PowerApps/apps/","type":"Microsoft.PowerApps/apps","tags":{"primaryDeviceWidth":"1366","primaryDeviceHeight":"768","supportsPortrait":"true","supportsLandscape":"true","primaryFormFactor":"Tablet","publisherVersion":"3.23042.12","minimumRequiredApiVersion":"2.2.0","hasComponent":"false","hasUnlockedComponent":"false","isUnifiedRootApp":"false","sienaVersion":"20230425T114629Z-3.23042.12.0"},"properties":{"appVersion":"2023-04-25T11:46:29Z","lifeCycleId":"Published","createdByClientVersion":{"major":3,"minor":23042,"build":12,"revision":0,"majorRevision":0,"minorRevision":0},"minClientVersion":{"major":3,"minor":23042,"build":12,"revision":0,"majorRevision":0,"minorRevision":0},"backgroundColor":"rgba(0, 0, 0, 1)","backgroundImageUri":"/10429807492137222748/Nff39db12-58e8-4e78-bc4e-02db0645255f-logoSmallFile","displayName":"CoE_Master_App","description":"This app will help users to get the list of Power Apps they have access.","commitMessage":"","appUris":{"documentUri":{"value":"/10429807492137222748/N17d290ed-3e54-4623-b565-ac9cc3a3d25c-document.msapp"},"imageUris":[],"additionalUris":[]},"createdTime":"0001-01-01T00:00:00Z","lastModifiedTime":"0001-01-01T00:00:00Z","sharedGroupsCount":0,"sharedUsersCount":0,"connectionReferences":{"42ffe166-5c52-413a-8a6b-b888a3ad0cdd":{"id":"57e2f7bf-7d05-46d1-b01d-c9de1ff96b6b","displayName":"Power Apps for Makers","iconUri":"https://connectoricons-prod.azureedge.net/releases/v1.0.1626/1.0.1626.3238/powerappsforappmakers/icon.png","dataSources":["PowerAppsforMakers"],"dependencies":[],"dependents":[],"parameterHints":{},"parameterHintsV2":{},"isOnPremiseConnection":false,"bypassConsent":false,"dataSets":{},"apiTier":"Standard","isCustomApiConnection":false,"actions":["Get-Environments","Get-Apps"]},"bdd3c115-996b-45b6-a662-3b92b6e19cac":{"id":"8da64f5c-2e8c-4826-89c4-8ed73fbabf32","displayName":"Office 365 Users","iconUri":"https://connectoricons-prod.azureedge.net/releases/v1.0.1626/1.0.1626.3238/office365users/icon.png","dataSources":["Office365Users"],"dependencies":[],"dependents":[],"parameterHints":{},"parameterHintsV2":{},"isOnPremiseConnection":false,"bypassConsent":false,"dataSets":{},"apiTier":"Standard","isCustomApiConnection":false}},"databaseReferences":{},"almMode":"Environment","performanceOptimizationEnabled":true,"canConsumeAppPass":true,"enableModernRuntimeMode":false,"executionRestrictions":{"isTeamsOnly":false,"dataLossPreventionEvaluationResult":{"status":"Compliant","lastEvaluationDate":"2022-08-02T02:33:14.7159071Z","violations":[],"violationsByPolicy":[],"violationErrorMessage":"The app uses the following connectors: shared_powerappsforappmakers."}}},"appType":"ClassicCanvasApp","appComponents":[]}}