{"schemaVersion":"1.0","appDefinitionTemplate":{"id":"/providers/Microsoft.PowerApps/apps/","type":"Microsoft.PowerApps/apps","tags":{"sp-site-id":"https://crm000300.sharepoint.com/sites/Customer","sp-list-id":"1f3f1b62-45e8-4ab7-bde2-aca30d71ba88","https://crm000300.sharepoint.com/sites/Customer":"1f3f1b62-45e8-4ab7-bde2-aca30d71ba88","primaryDeviceWidth":"640","primaryDeviceHeight":"1136","supportsPortrait":"true","supportsLandscape":"true","primaryFormFactor":"Phone","publisherVersion":"3.23042.12","minimumRequiredApiVersion":"2.2.0","hasComponent":"false","hasUnlockedComponent":"false","isUnifiedRootApp":"false","sienaVersion":"20230423T144914Z-3.23042.12.0"},"properties":{"appVersion":"2023-04-23T14:49:14Z","lifeCycleId":"Published","createdByClientVersion":{"major":3,"minor":23042,"build":12,"revision":0,"majorRevision":0,"minorRevision":0},"minClientVersion":{"major":3,"minor":23042,"build":12,"revision":0,"majorRevision":0,"minorRevision":0},"backgroundColor":"rgba(0, 0, 0, 1)","backgroundImageUri":"/16420955000259782106/N982b43d3-eac0-4b7b-83d0-c1a52681463c-logoSmallFile","displayName":"SFDC_PowerPlatform_Integration","description":"","commitMessage":"","appUris":{"documentUri":{"value":"/16420955000259782106/N5af2b501-3d8b-472c-975a-2ab7ee051ceb-document.msapp"},"imageUris":[],"additionalUris":[]},"createdTime":"0001-01-01T00:00:00Z","lastModifiedTime":"0001-01-01T00:00:00Z","sharedGroupsCount":0,"sharedUsersCount":0,"connectionReferences":{"efa8864a-e078-43db-bfd8-252de7815144":{"id":"44578a53-7bd6-4499-96c3-764c988d79cb","displayName":"SharePoint","iconUri":"https://connectoricons-prod.azureedge.net/releases/v1.0.1627/1.0.1627.3238/sharepointonline/icon.png","dataSources":["SFDC_Case_Management"],"dependencies":[],"dependents":[],"parameterHints":{},"parameterHintsV2":{},"isOnPremiseConnection":false,"bypassConsent":false,"dataSets":{"https://crm000300.sharepoint.com/sites/Customer":{"dataSources":{"SFDC_Case_Management":{"tableName":"1f3f1b62-45e8-4ab7-bde2-aca30d71ba88"}}}},"apiTier":"Standard","isCustomApiConnection":false,"actions":["providers/PowerPlatform.Governance/Operations/Read","providers/PowerPlatform.Governance/Operations/Write"]},"3bfce153-0abb-40e8-b9bd-981bcc506836":{"id":"acc851b6-85dc-46b4-9142-7ee2880bd7cd","displayName":"Salesforce","iconUri":"https://connectoricons-prod.azureedge.net/releases/v1.0.1624/1.0.1624.3221/salesforce/icon.png","dataSources":["Accounts","Cases"],"dependencies":[],"dependents":[],"parameterHints":{},"parameterHintsV2":{},"isOnPremiseConnection":false,"bypassConsent":false,"dataSets":{"default":{"dataSources":{"Accounts":{"tableName":"Account"},"Cases":{"tableName":"Case"}}}},"apiTier":"Premium","isCustomApiConnection":false,"actions":["providers/PowerPlatform.Governance/Operations/Read"]},"bd981993-2581-4222-a2b7-a80a07cc200e":{"id":"44578a53-7bd6-4499-96c3-764c988d79cb","displayName":"SharePoint","iconUri":"https://connectoricons-prod.azureedge.net/releases/v1.0.1627/1.0.1627.3238/sharepointonline/icon.png","dataSources":["SFDC"],"dependencies":[],"dependents":[],"parameterHints":{},"parameterHintsV2":{},"isOnPremiseConnection":false,"bypassConsent":false,"dataSets":{"https://crm000300.sharepoint.com/sites/Customer":{"dataSources":{"SFDC":{"tableName":"7cd41d51-0ff6-49f0-b684-bcc420141fc7"}}}},"apiTier":"Standard","isCustomApiConnection":false,"actions":["providers/PowerPlatform.Governance/Operations/Read","providers/PowerPlatform.Governance/Operations/Write"]}},"databaseReferences":{"default.cds":{"databaseDetails":{"referenceType":"Environmental","environmentName":"default.cds","overrideValues":{"status":"NotSpecified"}},"dataSources":{}}},"almMode":"Environment","performanceOptimizationEnabled":true,"canConsumeAppPass":true,"enableModernRuntimeMode":false,"executionRestrictions":{"isTeamsOnly":false,"dataLossPreventionEvaluationResult":{"status":"Compliant","lastEvaluationDate":"2022-05-01T09:31:52.0403675Z","violations":[],"violationsByPolicy":[],"violationErrorMessage":"The app uses the following connectors: shared_sharepointonline."}}},"appType":"ClassicCanvasApp","appComponents":[]}}