{"schemaVersion":"1.0","appDefinitionTemplate":{"id":"/providers/Microsoft.PowerApps/apps/","type":"Microsoft.PowerApps/apps","tags":{"primaryDeviceWidth":"1366","primaryDeviceHeight":"768","supportsPortrait":"true","supportsLandscape":"true","primaryFormFactor":"Tablet","publisherVersion":"3.23042.12","minimumRequiredApiVersion":"2.2.0","hasComponent":"true","hasUnlockedComponent":"true","isUnifiedRootApp":"false","sienaVersion":"20230419T143346Z-3.23042.12.0"},"properties":{"appVersion":"2023-04-19T14:33:46Z","lifeCycleId":"Published","createdByClientVersion":{"major":3,"minor":23042,"build":12,"revision":0,"majorRevision":0,"minorRevision":0},"minClientVersion":{"major":3,"minor":23042,"build":12,"revision":0,"majorRevision":0,"minorRevision":0},"backgroundColor":"rgba(0, 0, 0, 1)","backgroundImageUri":"/18339787151081152097/N540ab453-48f7-4af9-b575-813be70478e6-logoSmallFile","displayName":"EmailTranslate","description":"","commitMessage":"","appUris":{"documentUri":{"value":"/18339787151081152097/Nea4ed7d1-90c4-42bd-a7d5-ce084ce49855-document.msapp"},"imageUris":[],"additionalUris":[]},"createdTime":"0001-01-01T00:00:00Z","lastModifiedTime":"0001-01-01T00:00:00Z","sharedGroupsCount":0,"sharedUsersCount":0,"connectionReferences":{"1c28a280-9ba5-4486-b662-747089e4a0bf":{"id":"88d09e5a-a1fc-4f32-8e63-abff8b50b5a2","displayName":"Office 365 Outlook","iconUri":"https://connectoricons-prod.azureedge.net/releases/v1.0.1626/1.0.1626.3238/office365/icon.png","dataSources":["Office365Outlook"],"dependencies":[],"dependents":[],"parameterHints":{},"parameterHintsV2":{},"isOnPremiseConnection":false,"bypassConsent":false,"dataSets":{},"apiTier":"Standard","isCustomApiConnection":false,"actions":["SendEmail"]},"42c0e1da-438d-4cac-9ad4-d8e08d65e243":{"id":"8da64f5c-2e8c-4826-89c4-8ed73fbabf32","displayName":"Office 365 Users","iconUri":"https://connectoricons-prod.azureedge.net/releases/v1.0.1626/1.0.1626.3238/office365users/icon.png","dataSources":["Office365Users"],"dependencies":[],"dependents":[],"parameterHints":{},"parameterHintsV2":{},"isOnPremiseConnection":false,"bypassConsent":false,"dataSets":{},"apiTier":"Standard","isCustomApiConnection":false,"actions":["SearchUser"]},"e1b40159-cc6c-4bbf-bca5-5564eae5c3ba":{"id":"630c1223-b407-4702-b2b1-5d1b42159b59","displayName":"Microsoft Translator","iconUri":"https://connectoricons-prod.azureedge.net/releases/v1.0.1623/1.0.1623.3209/microsofttranslator/icon.png","dataSources":["MicrosoftTranslator"],"dependencies":[],"dependents":[],"parameterHints":{},"parameterHintsV2":{},"isOnPremiseConnection":false,"sharedConnectionId":"00234f77-77af-48c2-9a75-cc8bfa8e778b","bypassConsent":false,"dataSets":{},"apiTier":"Standard","isCustomApiConnection":false,"actions":["Translate"]},"cfc49b1e-e67e-4043-8aa2-340fb469ea1a":{"id":"f7469195-9e8e-4c57-afe8-8d997a64387c","displayName":"Microsoft Translator V2","iconUri":"https://connectoricons-prod.azureedge.net/releases/v1.0.1623/1.0.1623.3209/translatorv2/icon.png","dataSources":["MicrosoftTranslatorV2"],"dependencies":[],"dependents":[],"parameterHints":{},"parameterHintsV2":{},"isOnPremiseConnection":false,"sharedConnectionId":"7adb605e-1968-4538-b871-1fca817926ab","bypassConsent":false,"dataSets":{},"apiTier":"Standard","isCustomApiConnection":false,"actions":["Languages"]}},"databaseReferences":{},"almMode":"Environment","performanceOptimizationEnabled":true,"canConsumeAppPass":true,"enableModernRuntimeMode":false,"executionRestrictions":{"isTeamsOnly":false,"dataLossPreventionEvaluationResult":{"status":"Compliant","lastEvaluationDate":"2023-04-10T08:50:17.9145372Z","violations":[],"violationsByPolicy":[],"violationErrorMessage":"The app uses the following connectors: shared_office365, shared_office365users, shared_microsofttranslator."}}},"appType":"ClassicCanvasApp","appComponents":[]}}