{"schemaVersion":"1.0","appDefinitionTemplate":{"id":"/providers/Microsoft.PowerApps/apps/","type":"Microsoft.PowerApps/apps","tags":{"sp-site-id":"https://crm000300.sharepoint.com/sites/Customer","sp-list-id":"7cd41d51-0ff6-49f0-b684-bcc420141fc7","https://crm000300.sharepoint.com/sites/Customer":"7cd41d51-0ff6-49f0-b684-bcc420141fc7","primaryDeviceWidth":"640","primaryDeviceHeight":"1136","supportsPortrait":"true","supportsLandscape":"true","primaryFormFactor":"Phone","publisherVersion":"3.22043.14","minimumRequiredApiVersion":"2.2.0","hasComponent":"false","hasUnlockedComponent":"false","isUnifiedRootApp":"false","sienaVersion":"20220430T013200Z-3.22043.14.0"},"properties":{"appVersion":"2022-04-30T01:32:00Z","lifeCycleId":"Published","createdByClientVersion":{"major":3,"minor":22043,"build":14,"revision":0,"majorRevision":0,"minorRevision":0},"minClientVersion":{"major":3,"minor":22043,"build":14,"revision":0,"majorRevision":0,"minorRevision":0},"backgroundColor":"rgba(0, 0, 0, 1)","backgroundImageUri":"/13024384220963651345/Nab8b31a8-1748-4f1e-a9b5-e4a4c1313dc8-logoSmallFile","displayName":"SalesForceDC_Integration","description":"","commitMessage":"","appUris":{"documentUri":{"value":"/13024384220963651345/N8634c4a9-255f-4558-95f3-3c7a48859858-document.msapp"},"imageUris":[],"additionalUris":[]},"createdTime":"0001-01-01T00:00:00Z","lastModifiedTime":"0001-01-01T00:00:00Z","sharedGroupsCount":0,"sharedUsersCount":0,"connectionReferences":{"49b0aff1-03bf-49b4-ab75-a7a02739afb5":{"id":"44578a53-7bd6-4499-96c3-764c988d79cb","displayName":"SharePoint","iconUri":"https://connectoricons-prod.azureedge.net/releases/v1.0.1568/1.0.1568.2756/sharepointonline/icon.png","dataSources":["SFDC"],"dependencies":[],"dependents":[],"parameterHints":{},"parameterHintsV2":{},"isOnPremiseConnection":false,"bypassConsent":false,"dataSets":{"https://crm000300.sharepoint.com/sites/Customer":{"dataSources":{"SFDC":{"tableName":"7cd41d51-0ff6-49f0-b684-bcc420141fc7"}}}},"apiTier":"Standard","isCustomApiConnection":false,"actions":["providers/PowerPlatform.Governance/Operations/Read","providers/PowerPlatform.Governance/Operations/Write","providers/PowerPlatform.Governance/Operations/Delete"]},"217f04b7-9e80-453e-86e5-0a3f7c3defd5":{"id":"acc851b6-85dc-46b4-9142-7ee2880bd7cd","displayName":"Salesforce","iconUri":"https://connectoricons-prod.azureedge.net/releases/v1.0.1573/1.0.1573.2770/salesforce/icon.png","dataSources":["Accounts","Cases"],"dependencies":[],"dependents":[],"parameterHints":{},"parameterHintsV2":{},"isOnPremiseConnection":false,"bypassConsent":false,"dataSets":{"default":{"dataSources":{"Accounts":{"tableName":"Account"},"Cases":{"tableName":"Case"}}}},"apiTier":"Premium","isCustomApiConnection":false,"actions":["providers/PowerPlatform.Governance/Operations/Read"]}},"databaseReferences":{},"almMode":"Environment","performanceOptimizationEnabled":true,"canConsumeAppPass":true,"executionRestrictions":{"isTeamsOnly":false,"dataLossPreventionEvaluationResult":{"status":"Compliant","lastEvaluationDate":"2022-04-29T15:31:51.3496152Z","violations":[],"violationsByPolicy":[],"violationErrorMessage":"The app uses the following connectors: shared_sharepointonline."}}},"appType":"ClassicCanvasApp","appComponents":[]}}