{"schemaVersion":"1.0","appDefinitionTemplate":{"id":"/providers/Microsoft.PowerApps/apps/","type":"Microsoft.PowerApps/apps","tags":{"primaryDeviceWidth":"640","primaryDeviceHeight":"1136","sienaVersion":"20230429T104937Z-3.23042.12.0","deviceCapabilities":"","supportsPortrait":"true","supportsLandscape":"false","primaryFormFactor":"Phone","publisherVersion":"3.23042.12","minimumRequiredApiVersion":"2.2.0","hasComponent":"true","hasUnlockedComponent":"true","isUnifiedRootApp":"false"},"properties":{"appVersion":"2023-04-29T10:49:37Z","lifeCycleId":"Published","createdByClientVersion":{"major":3,"minor":23042,"build":12,"revision":0,"majorRevision":0,"minorRevision":0},"minClientVersion":{"major":3,"minor":23042,"build":12,"revision":0,"majorRevision":0,"minorRevision":0},"backgroundColor":"rgba(0, 0, 0, 1)","backgroundImageUri":"/7544936475356931973/N84f2225c-1525-4e66-bad4-88dcf990709b-logoSmallFile","displayName":"Logistics, Goods Distribution, Driver's App - Retail - Mfg - SCM","description":"Enables Truck Drivers who delivery goods to work efficiently and save time and efforts.","commitMessage":"","appUris":{"documentUri":{"value":"/7544936475356931973/N1388e0eb-1520-4264-87f8-c62f0d038644-document.msapp"},"imageUris":[],"additionalUris":[]},"createdTime":"0001-01-01T00:00:00Z","lastModifiedTime":"0001-01-01T00:00:00Z","sharedGroupsCount":0,"sharedUsersCount":0,"connectionReferences":{"ca35f496-c0fa-4bf7-8d6c-d60b690ccd80":{"id":"966df473-ce8c-4628-8ee8-62671eec75d3","displayName":"Bing Maps","iconUri":"https://connectoricons-prod.azureedge.net/releases/v1.0.1623/1.0.1623.3210/bingmaps/icon.png","dataSources":["BingMaps","BingMaps_1"],"dependencies":[],"dependents":[],"parameterHints":{},"parameterHintsV2":{},"isOnPremiseConnection":false,"sharedConnectionId":"281ebb4f-5b78-4367-ab35-0ed34169bed7","bypassConsent":false,"dataSets":{},"apiTier":"Standard","isCustomApiConnection":false},"0b0bb450-28bd-4415-920b-ca0bb8f088b9":{"id":"d94cab1e-b6ee-43e2-8187-51752b9ea59f","displayName":"MSN Weather","iconUri":"https://connectoricons-prod.azureedge.net/releases/v1.0.1617/1.0.1617.3171/msnweather/icon.png","dataSources":["MSNWeather","MSNWeather_1","MSNWeather_2"],"dependencies":[],"dependents":[],"parameterHints":{},"parameterHintsV2":{},"isOnPremiseConnection":false,"bypassConsent":false,"dataSets":{},"apiTier":"Standard","isCustomApiConnection":false},"706668a8-05a0-4b59-a8f9-b50447d6f47f":{"id":"ec12a5bf-f208-4b05-ac97-0a7f71335d44","displayName":"SharePoint","iconUri":"https://connectoricons-prod.azureedge.net/releases/v1.0.1627/1.0.1627.3238/sharepointonline/icon.png","dataSources":["Coke_Truck_Progress_tracker","Coke_Truck_Progress_tracker_1","Coke_Truck_Inventory"],"dependencies":[],"dependents":[],"parameterHints":{},"parameterHintsV2":{},"isOnPremiseConnection":false,"bypassConsent":false,"dataSets":{"https://microsoftapc-my.sharepoint.com/personal/arajan_microsoft_com/demo":{"dataSources":{"Coke_Truck_Progress_tracker":{"tableName":"6e521186-c5b7-4929-9cd1-4107c4f57e28"},"Coke_Truck_Progress_tracker_1":{"tableName":"6e521186-c5b7-4929-9cd1-4107c4f57e28"},"Coke_Truck_Inventory":{"tableName":"32c12c73-35ee-4186-95d4-7d93e45247d4"}}}},"apiTier":"Standard","isCustomApiConnection":false,"actions":["providers/PowerPlatform.Governance/Operations/Read","providers/PowerPlatform.Governance/Operations/Write"]},"1f04177f-b644-4ede-a7f3-0583347e1cf9":{"id":"ec12a5bf-f208-4b05-ac97-0a7f71335d44","displayName":"SharePoint","iconUri":"https://connectoricons-prod.azureedge.net/releases/v1.0.1627/1.0.1627.3238/sharepointonline/icon.png","dataSources":["Truck_Booking"],"dependencies":[],"dependents":[],"parameterHints":{},"parameterHintsV2":{},"isOnPremiseConnection":false,"bypassConsent":false,"dataSets":{"https://microsoftapc-my.sharepoint.com/personal/arajan_microsoft_com/demo":{"dataSources":{"Truck_Booking":{"tableName":"326daeb4-a4f6-4709-9216-0c38097e8272"}}}},"apiTier":"Standard","isCustomApiConnection":false,"actions":["providers/PowerPlatform.Governance/Operations/Read","providers/PowerPlatform.Governance/Operations/Write"]},"9422c050-3a06-455a-ac69-d13f75614656":{"id":"d94cab1e-b6ee-43e2-8187-51752b9ea59f","displayName":"MSN Weather","iconUri":"https://connectoricons-prod.azureedge.net/releases/v1.0.1617/1.0.1617.3171/msnweather/icon.png","dataSources":["MSNWeather_3"],"dependencies":[],"dependents":[],"parameterHints":{},"parameterHintsV2":{},"isOnPremiseConnection":false,"bypassConsent":false,"dataSets":{},"apiTier":"Standard","isCustomApiConnection":false},"5c0935e5-921e-4171-a4b3-01d5a6fd8e28":{"id":"966df473-ce8c-4628-8ee8-62671eec75d3","displayName":"Bing Maps","iconUri":"https://connectoricons-prod.azureedge.net/releases/v1.0.1623/1.0.1623.3210/bingmaps/icon.png","dataSources":["BingMaps_2"],"dependencies":[],"dependents":[],"parameterHints":{},"parameterHintsV2":{},"isOnPremiseConnection":false,"sharedConnectionId":"06e63167-9792-4dac-91f9-7f44b36c29fe","bypassConsent":false,"dataSets":{},"apiTier":"Standard","isCustomApiConnection":false},"4f405e08-5489-45f5-8a2b-d1f1dcb9a08a":{"id":"d94cab1e-b6ee-43e2-8187-51752b9ea59f","displayName":"MSN Weather","iconUri":"https://connectoricons-prod.azureedge.net/releases/v1.0.1617/1.0.1617.3171/msnweather/icon.png","dataSources":["MSNWeather_4"],"dependencies":[],"dependents":[],"parameterHints":{},"parameterHintsV2":{},"isOnPremiseConnection":false,"bypassConsent":false,"dataSets":{},"apiTier":"Standard","isCustomApiConnection":false},"57daa284-c8e4-4dd4-8e83-7e72dae9f54d":{"id":"ec12a5bf-f208-4b05-ac97-0a7f71335d44","displayName":"SharePoint","iconUri":"https://connectoricons-prod.azureedge.net/releases/v1.0.1627/1.0.1627.3238/sharepointonline/icon.png","dataSources":["Trip_Card"],"dependencies":[],"dependents":[],"parameterHints":{},"parameterHintsV2":{},"isOnPremiseConnection":false,"bypassConsent":false,"dataSets":{"https://microsoftapc-my.sharepoint.com/personal/arajan_microsoft_com/demo":{"dataSources":{"Trip_Card":{"tableName":"4bafecc0-bb88-4981-8241-6cbbb285795c"}}}},"apiTier":"Standard","isCustomApiConnection":false,"actions":["providers/PowerPlatform.Governance/Operations/Read","providers/PowerPlatform.Governance/Operations/Write"]}},"authorizationReferences":[{"resourceId":"powerbi"}],"databaseReferences":{},"almMode":"Solution","performanceOptimizationEnabled":true,"enableModernRuntimeMode":false,"executionRestrictions":{"isTeamsOnly":false,"dataLossPreventionEvaluationResult":{"status":"NonCompliant","lastEvaluationDate":"2023-08-30T20:45:56.1034349Z","violations":[{"policyId":"7ef2403f-0d9d-4703-9c26-9a1fe367811a","policyDisplayName":"CSEO UltraLow (All New Environments)","type":"BlockedConnector","parameters":["/providers/microsoft.powerapps/apis/shared_bingmaps"]},{"policyId":"7ef2403f-0d9d-4703-9c26-9a1fe367811a","policyDisplayName":"CSEO UltraLow (All New Environments)","type":"BlockedConnector","parameters":["/providers/microsoft.powerapps/apis/shared_msnweather"]}],"violationsByPolicy":[{"policyRef":{"policyId":"7ef2403f-0d9d-4703-9c26-9a1fe367811a","policyDisplayName":"CSEO UltraLow (All New Environments)"},"violations":[{"policyId":"7ef2403f-0d9d-4703-9c26-9a1fe367811a","policyDisplayName":"CSEO UltraLow (All New Environments)","type":"BlockedConnector","parameters":["/providers/microsoft.powerapps/apis/shared_bingmaps"]},{"policyId":"7ef2403f-0d9d-4703-9c26-9a1fe367811a","policyDisplayName":"CSEO UltraLow (All New Environments)","type":"BlockedConnector","parameters":["/providers/microsoft.powerapps/apis/shared_msnweather"]}]}],"additionalInfo":{"policyWikiUrl":"https://aka.ms/PowerPlatform-DLP-FAQ"},"violationErrorMessage":"The app uses the following connectors: shared_bingmaps, shared_msnweather, shared_sharepointonline."}}},"appType":"ClassicCanvasApp","appComponents":[]}}