{"schemaVersion":"1.0","appDefinitionTemplate":{"id":"/providers/Microsoft.PowerApps/apps/","type":"Microsoft.PowerApps/apps","tags":{"primaryDeviceWidth":"640","primaryDeviceHeight":"1136","supportsPortrait":"true","supportsLandscape":"true","primaryFormFactor":"Phone","publisherVersion":"3.23022.21","minimumRequiredApiVersion":"2.2.0","hasComponent":"true","hasUnlockedComponent":"true","isUnifiedRootApp":"false","sienaVersion":"20230227T151047Z-3.23022.22.0"},"properties":{"appVersion":"2023-02-27T15:10:47Z","lifeCycleId":"Published","createdByClientVersion":{"major":3,"minor":23022,"build":21,"revision":0,"majorRevision":0,"minorRevision":0},"minClientVersion":{"major":3,"minor":23022,"build":21,"revision":0,"majorRevision":0,"minorRevision":0},"backgroundColor":"rgba(134, 114, 244, 1)","backgroundImageUri":"/17914717293778663081/Nee24d6f4-ff29-43b1-b13b-57ae3f2914d3-N956058bb-80b1-4170-bbdd-27e3c9f2825b-logoSmallFile","displayName":"Task Manager","description":"Plantilla de App Mis Tareas\nHecho en Colombia\nPor Neiy Darry","commitMessage":"","appUris":{"documentUri":{"value":"/17914717293778663081/N9af45578-6024-4990-9c0c-f07efc68fe22-N9e81b21f-b162-4244-811e-2ead60a3173a-document.msapp"},"imageUris":[],"additionalUris":[]},"createdTime":"0001-01-01T00:00:00Z","lastModifiedTime":"0001-01-01T00:00:00Z","sharedGroupsCount":0,"sharedUsersCount":0,"connectionReferences":{},"databaseReferences":{},"almMode":"Environment","performanceOptimizationEnabled":true,"canConsumeAppPass":true,"enableModernRuntimeMode":false,"executionRestrictions":{"isTeamsOnly":false,"dataLossPreventionEvaluationResult":{"status":"Compliant","lastEvaluationDate":"2023-02-17T15:24:09.4278842Z","violations":[],"violationsByPolicy":[],"violationErrorMessage":"La aplicación usa los siguientes conectores: ."}}},"appType":"ClassicCanvasApp","appComponents":[]}}