{"schemaVersion":"1.0","appDefinitionTemplate":{"id":"/providers/Microsoft.PowerApps/apps/","type":"Microsoft.PowerApps/apps","tags":{"primaryDeviceWidth":"1366","primaryDeviceHeight":"768","supportsPortrait":"true","supportsLandscape":"true","primaryFormFactor":"Tablet","publisherVersion":"3.22055.13","minimumRequiredApiVersion":"2.2.0","hasComponent":"false","hasUnlockedComponent":"false","isUnifiedRootApp":"false","sienaVersion":"20220614T072404Z-3.22055.13.0"},"properties":{"appVersion":"2022-06-14T07:24:04Z","lifeCycleId":"Published","createdByClientVersion":{"major":3,"minor":22055,"build":13,"revision":0,"majorRevision":0,"minorRevision":0},"minClientVersion":{"major":3,"minor":22055,"build":13,"revision":0,"majorRevision":0,"minorRevision":0},"backgroundColor":"rgba(0, 0, 0, 1)","backgroundImageUri":"/17636177534826218772/Nf042c4d8-8a13-455c-a61e-e58af5ca4b0e-logoSmallFile","displayName":"RB_Jira_Integration","description":"","commitMessage":"","appUris":{"documentUri":{"value":"/17636177534826218772/N72deda4c-1531-41f3-885d-cbe2768d1499-document.msapp"},"imageUris":[],"additionalUris":[]},"createdTime":"0001-01-01T00:00:00Z","lastModifiedTime":"0001-01-01T00:00:00Z","sharedGroupsCount":0,"sharedUsersCount":0,"connectionReferences":{"3cea5f0f-bb18-4a4f-881f-906738ff826a":{"id":"051b4dce-dbea-4d14-a7dc-4f547485fd44","displayName":"JIRA","iconUri":"https://connectoricons-prod.azureedge.net/releases/v1.0.1577/1.0.1577.2796/jira/icon.png","dataSources":["JIRA"],"dependencies":[],"dependents":[],"parameterHints":{},"parameterHintsV2":{},"isOnPremiseConnection":false,"bypassConsent":false,"dataSets":{},"apiTier":"Premium","isCustomApiConnection":false,"actions":["ListProjects"]},"739d285b-2b3c-41f1-b4f4-7590275a984b":{"id":"44578a53-7bd6-4499-96c3-764c988d79cb","displayName":"SharePoint","iconUri":"https://connectoricons-prod.azureedge.net/releases/v1.0.1578/1.0.1578.2813/sharepointonline/icon.png","dataSources":["Jira","Jira_1"],"dependencies":[],"dependents":[],"parameterHints":{},"parameterHintsV2":{},"isOnPremiseConnection":false,"bypassConsent":false,"dataSets":{"https://crm000300.sharepoint.com/sites/Customer":{"dataSources":{"Jira":{"tableName":"af66f909-7269-4d4d-9938-5f7da8c7041b"},"Jira_1":{"tableName":"af66f909-7269-4d4d-9938-5f7da8c7041b"}}}},"apiTier":"Standard","isCustomApiConnection":false,"actions":["providers/PowerPlatform.Governance/Operations/Read","providers/PowerPlatform.Governance/Operations/Write"]}},"databaseReferences":{"default.cds":{"databaseDetails":{"referenceType":"Environmental","environmentName":"default.cds","overrideValues":{"status":"NotSpecified"}},"dataSources":{},"components":[{"componentName":"CustomControl","identifier":"ya_btd.IframePCF","identifierType":"LogicalName","capabilities":{"pcfExternalServiceUsageAllowed":false}}]}},"almMode":"Environment","performanceOptimizationEnabled":true,"canConsumeAppPass":true,"executionRestrictions":{"isTeamsOnly":false,"dataLossPreventionEvaluationResult":{"status":"Compliant","lastEvaluationDate":"2022-06-11T05:11:31.719206Z","violations":[],"violationsByPolicy":[],"violationErrorMessage":"The app uses the following connectors: shared_jira."}}},"appType":"ClassicCanvasApp","appComponents":[]}}