{"schemaVersion":"1.0","appDefinitionTemplate":{"id":"/providers/Microsoft.PowerApps/apps/","type":"Microsoft.PowerApps/apps","tags":{"primaryDeviceWidth":"640","primaryDeviceHeight":"1136","sienaVersion":"20230501T021836Z-3.23043.16.0","deviceCapabilities":"","supportsPortrait":"true","supportsLandscape":"false","primaryFormFactor":"Phone","publisherVersion":"3.23043.16","minimumRequiredApiVersion":"2.2.0","hasComponent":"true","hasUnlockedComponent":"true","isUnifiedRootApp":"false"},"properties":{"appVersion":"2023-05-01T02:18:36Z","lifeCycleId":"Published","createdByClientVersion":{"major":3,"minor":23043,"build":16,"revision":0,"majorRevision":0,"minorRevision":0},"minClientVersion":{"major":3,"minor":23043,"build":16,"revision":0,"majorRevision":0,"minorRevision":0},"backgroundColor":"rgba(0, 0, 0, 1)","backgroundImageUri":"/14147815017346498028/N763bca88-598f-40cc-8b73-f1eea51c09f9-logoSmallFile","displayName":"Logistics, Goods Distribution","description":"Enables Truck Drivers who delivery goods to work efficiently and save time and efforts.","commitMessage":"","appUris":{"documentUri":{"value":"/14147815017346498028/Nf80c2da3-f337-4791-ba97-7d467a0d08e1-document.msapp"},"imageUris":[],"additionalUris":[]},"createdTime":"0001-01-01T00:00:00Z","lastModifiedTime":"0001-01-01T00:00:00Z","sharedGroupsCount":0,"sharedUsersCount":0,"connectionReferences":{"ca35f496-c0fa-4bf7-8d6c-d60b690ccd80":{"id":"67ee5256-adf2-4818-ab8a-2260ed230bc9","displayName":"Bing Maps","iconUri":"https://connectoricons-prod.azureedge.net/releases/v1.0.1623/1.0.1623.3209/bingmaps/icon.png","dataSources":["BingMaps","BingMaps_1"],"dependencies":[],"dependents":[],"parameterHints":{},"parameterHintsV2":{},"isOnPremiseConnection":false,"sharedConnectionId":"831d8840-cec8-40ef-85d0-e51333d5ffd4","bypassConsent":false,"dataSets":{},"apiTier":"Standard","isCustomApiConnection":false},"0b0bb450-28bd-4415-920b-ca0bb8f088b9":{"id":"fde2832c-2a7a-4e6a-9902-fb77cc7156b6","displayName":"MSN Weather","iconUri":"https://connectoricons-prod.azureedge.net/releases/v1.0.1617/1.0.1617.3171/msnweather/icon.png","dataSources":["MSNWeather","MSNWeather_1","MSNWeather_2"],"dependencies":[],"dependents":[],"parameterHints":{},"parameterHintsV2":{},"isOnPremiseConnection":false,"bypassConsent":false,"dataSets":{},"apiTier":"Standard","isCustomApiConnection":false},"706668a8-05a0-4b59-a8f9-b50447d6f47f":{"id":"44578a53-7bd6-4499-96c3-764c988d79cb","displayName":"SharePoint","iconUri":"https://connectoricons-prod.azureedge.net/releases/v1.0.1627/1.0.1627.3238/sharepointonline/icon.png","dataSources":["Coke_Truck_Progress_tracker","Coke_Truck_Progress_tracker_1","Coke_Truck_Inventory","Truck_Booking_2","Truck Inventory"],"dependencies":[],"dependents":[],"parameterHints":{},"parameterHintsV2":{},"isOnPremiseConnection":false,"bypassConsent":false,"dataSets":{"https://microsoftapc-my.sharepoint.com/personal/arajan_microsoft_com/demo":{"dataSources":{"Coke_Truck_Progress_tracker":{"tableName":"6e521186-c5b7-4929-9cd1-4107c4f57e28"},"Coke_Truck_Progress_tracker_1":{"tableName":"6e521186-c5b7-4929-9cd1-4107c4f57e28"},"Coke_Truck_Inventory":{"tableName":"32c12c73-35ee-4186-95d4-7d93e45247d4"}}},"https://crm000300.sharepoint.com/sites/Coke":{"dataSources":{"Truck_Booking_2":{"tableName":"577df80d-b2d6-4e35-a85b-cc49985be3fe"},"Truck Inventory":{"tableName":"e820ff41-a53e-4071-ad56-0316b69a8397"}}}},"apiTier":"Standard","isCustomApiConnection":false,"actions":["providers/PowerPlatform.Governance/Operations/Read"]},"1f04177f-b644-4ede-a7f3-0583347e1cf9":{"id":"44578a53-7bd6-4499-96c3-764c988d79cb","displayName":"SharePoint","iconUri":"https://connectoricons-prod.azureedge.net/releases/v1.0.1627/1.0.1627.3238/sharepointonline/icon.png","dataSources":["Truck_Booking"],"dependencies":[],"dependents":[],"parameterHints":{},"parameterHintsV2":{},"isOnPremiseConnection":false,"bypassConsent":false,"dataSets":{"https://microsoftapc-my.sharepoint.com/personal/arajan_microsoft_com/demo":{"dataSources":{"Truck_Booking":{"tableName":"326daeb4-a4f6-4709-9216-0c38097e8272"}}}},"apiTier":"Standard","isCustomApiConnection":false,"actions":["providers/PowerPlatform.Governance/Operations/Read"]},"9422c050-3a06-455a-ac69-d13f75614656":{"id":"fde2832c-2a7a-4e6a-9902-fb77cc7156b6","displayName":"MSN Weather","iconUri":"https://connectoricons-prod.azureedge.net/releases/v1.0.1617/1.0.1617.3171/msnweather/icon.png","dataSources":["MSNWeather_3"],"dependencies":[],"dependents":[],"parameterHints":{},"parameterHintsV2":{},"isOnPremiseConnection":false,"bypassConsent":false,"dataSets":{},"apiTier":"Standard","isCustomApiConnection":false},"5c0935e5-921e-4171-a4b3-01d5a6fd8e28":{"id":"67ee5256-adf2-4818-ab8a-2260ed230bc9","displayName":"Bing Maps","iconUri":"https://connectoricons-prod.azureedge.net/releases/v1.0.1623/1.0.1623.3209/bingmaps/icon.png","dataSources":["BingMaps_2"],"dependencies":[],"dependents":[],"parameterHints":{},"parameterHintsV2":{},"isOnPremiseConnection":false,"sharedConnectionId":"831d8840-cec8-40ef-85d0-e51333d5ffd4","bypassConsent":false,"dataSets":{},"apiTier":"Standard","isCustomApiConnection":false},"4f405e08-5489-45f5-8a2b-d1f1dcb9a08a":{"id":"fde2832c-2a7a-4e6a-9902-fb77cc7156b6","displayName":"MSN Weather","iconUri":"https://connectoricons-prod.azureedge.net/releases/v1.0.1617/1.0.1617.3171/msnweather/icon.png","dataSources":["MSNWeather_4"],"dependencies":[],"dependents":[],"parameterHints":{},"parameterHintsV2":{},"isOnPremiseConnection":false,"bypassConsent":false,"dataSets":{},"apiTier":"Standard","isCustomApiConnection":false},"57daa284-c8e4-4dd4-8e83-7e72dae9f54d":{"id":"44578a53-7bd6-4499-96c3-764c988d79cb","displayName":"SharePoint","iconUri":"https://connectoricons-prod.azureedge.net/releases/v1.0.1627/1.0.1627.3238/sharepointonline/icon.png","dataSources":["Trip_Card"],"dependencies":[],"dependents":[],"parameterHints":{},"parameterHintsV2":{},"isOnPremiseConnection":false,"bypassConsent":false,"dataSets":{"https://microsoftapc-my.sharepoint.com/personal/arajan_microsoft_com/demo":{"dataSources":{"Trip_Card":{"tableName":"4bafecc0-bb88-4981-8241-6cbbb285795c"}}}},"apiTier":"Standard","isCustomApiConnection":false,"actions":["providers/PowerPlatform.Governance/Operations/Read"]},"2f8591d1-ca85-4ad5-bcfc-7c680f0c48f0":{"id":"44578a53-7bd6-4499-96c3-764c988d79cb","displayName":"SharePoint","iconUri":"https://connectoricons-prod.azureedge.net/releases/v1.0.1627/1.0.1627.3238/sharepointonline/icon.png","dataSources":["Coke_Truck_Inventory_1","Coke_Truck_Progress_tracker_2","Trip_Card_1","Truck_Booking_1"],"dependencies":[],"dependents":[],"parameterHints":{},"parameterHintsV2":{},"isOnPremiseConnection":false,"bypassConsent":false,"dataSets":{"https://crm000300.sharepoint.com/sites/Coke":{"dataSources":{"Coke_Truck_Inventory_1":{"tableName":"72e3674f-49d4-433e-92f7-60049c8365e6"},"Coke_Truck_Progress_tracker_2":{"tableName":"2045164a-9a67-4760-a217-6011468e5553"},"Trip_Card_1":{"tableName":"2a85ee48-22d4-40f7-aa74-3380ac67cd69"},"Truck_Booking_1":{"tableName":"577df80d-b2d6-4e35-a85b-cc49985be3fe"}}}},"apiTier":"Standard","isCustomApiConnection":false,"actions":["providers/PowerPlatform.Governance/Operations/Read"]},"5f742dba-fe60-45c5-a717-f7d6af4e1ba5":{"id":"44578a53-7bd6-4499-96c3-764c988d79cb","displayName":"SharePoint","iconUri":"https://connectoricons-prod.azureedge.net/releases/v1.0.1627/1.0.1627.3238/sharepointonline/icon.png","dataSources":["Coke_Truck_Inventory_2","Coke_Truck_Progress_tracker_3","Trip_Card_2","Truck Inventory_1"],"dependencies":[],"dependents":[],"parameterHints":{},"parameterHintsV2":{},"isOnPremiseConnection":false,"bypassConsent":false,"dataSets":{"https://crm000300.sharepoint.com/sites/Coke":{"dataSources":{"Coke_Truck_Inventory_2":{"tableName":"72e3674f-49d4-433e-92f7-60049c8365e6"},"Coke_Truck_Progress_tracker_3":{"tableName":"2045164a-9a67-4760-a217-6011468e5553"},"Trip_Card_2":{"tableName":"2a85ee48-22d4-40f7-aa74-3380ac67cd69"},"Truck Inventory_1":{"tableName":"e820ff41-a53e-4071-ad56-0316b69a8397"}}}},"apiTier":"Standard","isCustomApiConnection":false,"actions":["providers/PowerPlatform.Governance/Operations/Read"]},"90f8cf50-e9c4-4b00-b0ee-579666928e7e":{"id":"44578a53-7bd6-4499-96c3-764c988d79cb","displayName":"SharePoint","iconUri":"https://connectoricons-prod.azureedge.net/releases/v1.0.1627/1.0.1627.3238/sharepointonline/icon.png","dataSources":["Map Locations"],"dependencies":[],"dependents":[],"parameterHints":{},"parameterHintsV2":{},"isOnPremiseConnection":false,"bypassConsent":false,"dataSets":{"https://crm000300.sharepoint.com/sites/Customer":{"dataSources":{"Map Locations":{"tableName":"a07ab279-3288-45fd-8766-2843643e83ac"}}}},"apiTier":"Standard","isCustomApiConnection":false,"actions":["providers/PowerPlatform.Governance/Operations/Read"]},"dbdfc902-38fd-4425-8090-4da090a6a5a4":{"id":"e9989719-8ade-4378-bd31-4887957646e2","displayName":"Spatial Services","iconUri":"https://connectoricons-prod.azureedge.net/releases/v1.0.1613/1.0.1613.3125/microsoftspatialservices/icon.png","dataSources":["SpatialServices"],"dependencies":[],"dependents":[],"parameterHints":{},"parameterHintsV2":{},"isOnPremiseConnection":false,"bypassConsent":false,"dataSets":{},"apiTier":"Premium","isCustomApiConnection":false}},"authorizationReferences":[{"resourceId":"powerbi"}],"databaseReferences":{},"almMode":"Environment","performanceOptimizationEnabled":true,"canConsumeAppPass":true,"enableModernRuntimeMode":false,"executionRestrictions":{"isTeamsOnly":false,"dataLossPreventionEvaluationResult":{"status":"Compliant","lastEvaluationDate":"2023-04-29T10:53:43.5532618Z","violations":[],"violationsByPolicy":[],"violationErrorMessage":"The app uses the following connectors: shared_bingmaps, shared_msnweather, shared_sharepointonline."}}},"appType":"ClassicCanvasApp","appComponents":[]}}