{"schemaVersion":"1.0","appDefinitionTemplate":{"id":"/providers/Microsoft.PowerApps/apps/","type":"Microsoft.PowerApps/apps","tags":{"primaryDeviceWidth":"1366","primaryDeviceHeight":"768","sienaVersion":"20220608T170817Z-3.20112.43.0","deviceCapabilities":"","supportsPortrait":"false","supportsLandscape":"true","primaryFormFactor":"Tablet","publisherVersion":"3.20112.43","minimumRequiredApiVersion":"2.2.0","hasComponent":"false","hasUnlockedComponent":"false","isUnifiedRootApp":"false"},"properties":{"appVersion":"2022-06-08T17:08:17Z","lifeCycleId":"Published","createdByClientVersion":{"major":3,"minor":20112,"build":43,"revision":0,"majorRevision":0,"minorRevision":0},"minClientVersion":{"major":3,"minor":20112,"build":43,"revision":0,"majorRevision":0,"minorRevision":0},"backgroundColor":"rgba(0, 176, 240, 1)","backgroundImageUri":"/969876501719820442/Nd0b0b489-db0e-4f01-ba7c-cb65826109b6-new_editablegridexcellike_bbb09_BackgroundImageUri","displayName":"Editable Grid - Excel Like","description":"","commitMessage":"","appUris":{"documentUri":{"value":"/969876501719820442/Nf8929a26-3a2b-4e91-99f3-e35b8268afca-new_editablegridexcellike_bbb09_DocumentUri.msapp"},"imageUris":[],"additionalUris":[]},"createdTime":"0001-01-01T00:00:00Z","lastModifiedTime":"0001-01-01T00:00:00Z","sharedGroupsCount":0,"sharedUsersCount":0,"connectionReferences":{},"databaseReferences":{"default.cds":{"databaseDetails":{"referenceType":"Environmental","environmentName":"default.cds"},"dataSources":{"Work Tasks":{"entitySetName":"crd4a_worktasks","logicalName":"crd4a_worktask"}},"actions":["providers/PowerPlatform.Governance/Operations/Read","providers/PowerPlatform.Governance/Operations/Write","providers/PowerPlatform.Governance/Operations/Delete"]}},"almMode":"Solution","performanceOptimizationEnabled":true,"canConsumeAppPass":true,"executionRestrictions":{"isTeamsOnly":false,"dataLossPreventionEvaluationResult":{"status":"Compliant","lastEvaluationDate":"2022-06-08T17:08:34.4369234Z","violations":[],"violationsByPolicy":[],"violationErrorMessage":"The app uses the following connectors: shared_commondataservice."}}},"isAppComponentLibrary":false,"appType":"ClassicCanvasApp","appComponents":[]}}