{"schemaVersion":"1.0","appDefinitionTemplate":{"id":"/providers/Microsoft.PowerApps/apps/","type":"Microsoft.PowerApps/apps","tags":{"primaryDeviceWidth":"640","primaryDeviceHeight":"1136","supportsPortrait":"true","supportsLandscape":"true","primaryFormFactor":"Phone","publisherVersion":"3.22064.18","minimumRequiredApiVersion":"2.2.0","hasComponent":"false","hasUnlockedComponent":"false","isUnifiedRootApp":"false","sienaVersion":"20220719T104917Z-3.22064.18.0"},"properties":{"appVersion":"2022-07-19T10:49:17Z","lifeCycleId":"Published","createdByClientVersion":{"major":3,"minor":22064,"build":18,"revision":0,"majorRevision":0,"minorRevision":0},"minClientVersion":{"major":3,"minor":22064,"build":18,"revision":0,"majorRevision":0,"minorRevision":0},"backgroundColor":"rgba(0, 0, 0, 1)","backgroundImageUri":"/16269848895541950802/N5fbe9ad7-967b-4508-b2d8-5d85b070430e-logoSmallFile","displayName":"BizApps for All Business","description":"BizApps Cloud Product Stack brief to enable field sellers, account teams and internal stakeholders","commitMessage":"","appUris":{"documentUri":{"value":"/16269848895541950802/Nadf4664f-50d0-452e-bcf6-db98e2423dd4-document.msapp"},"imageUris":[],"additionalUris":[]},"createdTime":"0001-01-01T00:00:00Z","lastModifiedTime":"0001-01-01T00:00:00Z","sharedGroupsCount":0,"sharedUsersCount":0,"connectionReferences":{},"databaseReferences":{"default.cds":{"databaseDetails":{"referenceType":"Environmental","environmentName":"default.cds","overrideValues":{"status":"NotSpecified"}},"dataSources":{"Azs":{"entitySetName":"cra9f_azs","logicalName":"cra9f_az"},"Bscs":{"entitySetName":"cra9f_bscs","logicalName":"cra9f_bsc"},"qualifiers":{"entitySetName":"cra9f_qualifiers","logicalName":"cra9f_qualifier"},"IndUcs":{"entitySetName":"cra9f_inducs","logicalName":"cra9f_induc"},"fback":{"entitySetName":"cra9f_fbacks","logicalName":"cra9f_fback"}},"actions":["providers/PowerPlatform.Governance/Operations/Read","providers/PowerPlatform.Governance/Operations/Write","providers/PowerPlatform.Governance/Operations/Read","providers/PowerPlatform.Governance/Operations/Read","providers/PowerPlatform.Governance/Operations/Write","providers/PowerPlatform.Governance/Operations/Read","providers/PowerPlatform.Governance/Operations/Read","providers/PowerPlatform.Governance/Operations/Read","providers/PowerPlatform.Governance/Operations/Write"]}},"almMode":"Environment","performanceOptimizationEnabled":true,"canConsumeAppPass":true,"executionRestrictions":{"isTeamsOnly":false,"dataLossPreventionEvaluationResult":{"status":"NonCompliant","lastEvaluationDate":"2023-08-30T20:45:59.5566931Z","violations":[{"policyId":"7ef2403f-0d9d-4703-9c26-9a1fe367811a","policyDisplayName":"CSEO UltraLow (All New Environments)","type":"BlockedConnector","parameters":["/providers/Microsoft.PowerApps/apis/shared_commondataservice"]}],"violationsByPolicy":[{"policyRef":{"policyId":"7ef2403f-0d9d-4703-9c26-9a1fe367811a","policyDisplayName":"CSEO UltraLow (All New Environments)"},"violations":[{"policyId":"7ef2403f-0d9d-4703-9c26-9a1fe367811a","policyDisplayName":"CSEO UltraLow (All New Environments)","type":"BlockedConnector","parameters":["/providers/Microsoft.PowerApps/apis/shared_commondataservice"]}]}],"additionalInfo":{"policyWikiUrl":"https://aka.ms/PowerPlatform-DLP-FAQ"},"violationErrorMessage":"The app uses the following connectors: shared_commondataservice."}}},"appType":"ClassicCanvasApp","appComponents":[]}}