{"schemaVersion":"1.0","appDefinitionTemplate":{"id":"/providers/Microsoft.PowerApps/apps/","type":"Microsoft.PowerApps/apps","tags":{"primaryDeviceWidth":"1600","primaryDeviceHeight":"900","sienaVersion":"20230501T131758Z-3.23043.16.0","deviceCapabilities":"","supportsPortrait":"false","supportsLandscape":"true","primaryFormFactor":"Tablet","publisherVersion":"3.23043.16","minimumRequiredApiVersion":"2.2.0","hasComponent":"true","hasUnlockedComponent":"true","isUnifiedRootApp":"false"},"properties":{"appVersion":"2023-05-01T13:17:58Z","lifeCycleId":"Published","createdByClientVersion":{"major":3,"minor":23043,"build":16,"revision":0,"majorRevision":0,"minorRevision":0},"minClientVersion":{"major":3,"minor":23043,"build":16,"revision":0,"majorRevision":0,"minorRevision":0},"backgroundColor":"rgba(0, 0, 0, 1)","backgroundImageUri":"/13955519611718669803/N6c1f9ff7-f0f9-434f-9711-3fab4f71c66d-logoSmallFile","displayName":"Shift & Shop Floor Operator App","description":"Operator's logbook for tracking shift related inputs, updates and hand over.","commitMessage":"","appUris":{"documentUri":{"value":"/13955519611718669803/N779dc6ad-4156-4d29-9477-a62dd63a6151-document.msapp"},"imageUris":[],"additionalUris":[]},"createdTime":"0001-01-01T00:00:00Z","lastModifiedTime":"0001-01-01T00:00:00Z","sharedGroupsCount":0,"sharedUsersCount":0,"connectionReferences":{"0855e744-7d9d-4b56-87b7-d0261d46c2d4":{"id":"8da64f5c-2e8c-4826-89c4-8ed73fbabf32","displayName":"Office 365 Users","iconUri":"https://connectoricons-prod.azureedge.net/releases/v1.0.1626/1.0.1626.3238/office365users/icon.png","dataSources":["Office365Users"],"dependencies":[],"dependents":[],"parameterHints":{},"parameterHintsV2":{},"isOnPremiseConnection":false,"bypassConsent":false,"dataSets":{},"apiTier":"Standard","isCustomApiConnection":false,"actions":["MyProfile","SearchUser"]},"380ced20-0e7b-478a-b71e-bf50f69641d4":{"id":"44578a53-7bd6-4499-96c3-764c988d79cb","displayName":"SharePoint","iconUri":"https://connectoricons-prod.azureedge.net/releases/v1.0.1627/1.0.1627.3238/sharepointonline/icon.png","dataSources":["Locations","Managers","Notes","Stations","operator_mini"],"dependencies":[],"dependents":[],"parameterHints":{},"parameterHintsV2":{},"isOnPremiseConnection":false,"bypassConsent":false,"dataSets":{"https://crm000300.sharepoint.com/sites/Customer":{"dataSources":{"Locations":{"tableName":"961519b2-8ba5-434f-8b83-2372e062bfe7"},"Managers":{"tableName":"037a6729-5fa8-4ebb-a195-ccc751a571e7"},"Notes":{"tableName":"87060acd-86ec-45f3-83fd-615cffc31849"},"Stations":{"tableName":"8743a4ea-10cb-4a97-8b25-0b993d7a493e"},"operator_mini":{"tableName":"c92a0f45-3f6e-4c0f-af4a-227a00e67b3e"}}}},"apiTier":"Standard","isCustomApiConnection":false,"actions":["providers/PowerPlatform.Governance/Operations/Read"]}},"authorizationReferences":[{"resourceId":"powerbi"}],"databaseReferences":{},"almMode":"Environment","performanceOptimizationEnabled":true,"canConsumeAppPass":true,"enableModernRuntimeMode":false,"executionRestrictions":{"isTeamsOnly":false,"dataLossPreventionEvaluationResult":{"status":"Compliant","lastEvaluationDate":"2023-04-25T07:58:28.137319Z","violations":[],"violationsByPolicy":[],"violationErrorMessage":"The app uses the following connectors: shared_sharepointonline, shared_office365users."}}},"appType":"ClassicCanvasApp","appComponents":[]}}